{"sections":{"image_banner":{"type":"image-banner","blocks":{"heading":{"type":"heading","settings":{"heading":"Image banner","heading_size":"h0"}},"text":{"type":"text","settings":{"text":"Give customers details about the banner image(s) or content on the template.","text_style":"body"}},"button":{"type":"buttons","settings":{"button_label_1":"Shop all","button_link_1":"shopify:\/\/collections\/all","button_style_secondary_1":true,"button_label_2":"","button_link_2":"","button_style_secondary_2":false}}},"block_order":["heading","text","button"],"settings":{"image":"{{ shop.brand.cover_image }}","image_overlay_opacity":60,"image_height":"large","adapt_height_first_image":false,"desktop_content_position":"bottom-center","show_text_box":false,"desktop_content_alignment":"center","color_scheme":"background-1","mobile_content_alignment":"center","stack_images_on_mobile":false,"show_text_below":false}},"rich_text":{"type":"rich-text","blocks":{"heading":{"type":"heading","settings":{"heading":"<p>Talk about your brand<\/p>","heading_size":"h1"}},"text":{"type":"text","settings":{"text":"<p>Share information about your brand with your customers. Describe a product, make announcements, or welcome customers to your store.<\/p>"}}},"block_order":["heading","text"],"settings":{"desktop_content_position":"center","content_alignment":"center","color_scheme":"background-1","full_width":true,"padding_top":40,"padding_bottom":0}},"featured_collection":{"type":"featured-collection","settings":{"title":"Featured products","heading_size":"h2","description":"","show_description":false,"description_style":"body","collection":"all","products_to_show":8,"columns_desktop":4,"full_width":false,"show_view_all":true,"view_all_style":"solid","enable_desktop_slider":false,"color_scheme":"background-1","image_ratio":"adapt","show_secondary_image":true,"show_vendor":false,"show_rating":false,"enable_quick_add":false,"columns_mobile":"2","swipe_on_mobile":false,"padding_top":28,"padding_bottom":36}},"collage":{"type":"collage","blocks":{"collection-0":{"type":"collection","settings":{"collection":""}},"product":{"type":"product","settings":{"product":"","second_image":false}},"collection-1":{"type":"collection","settings":{"collection":""}}},"block_order":["collection-0","product","collection-1"],"settings":{"heading":"Multimedia collage","heading_size":"h2","desktop_layout":"left","mobile_layout":"collage","card_styles":"product-card-wrapper","color_scheme":"background-1","padding_top":36,"padding_bottom":36}},"video":{"type":"video","settings":{"heading":"","heading_size":"h1","video_url":"https:\/\/www.youtube.com\/watch?v=_9VUPq3SxOc","description":"","full_width":false,"color_scheme":"background-1","padding_top":36,"padding_bottom":36}},"multicolumn":{"type":"multicolumn","blocks":{"column1":{"type":"column","settings":{"title":"Column","text":"<p>Pair text with an image to focus on your chosen product, collection, or blog post. Add details on availability, style, or even provide a review.<\/p>","link_label":"","link":""}},"column2":{"type":"column","settings":{"title":"Column","text":"<p>Pair text with an image to focus on your chosen product, collection, or blog post. Add details on availability, style, or even provide a review.<\/p>","link_label":"","link":""}},"column3":{"type":"column","settings":{"title":"Column","text":"<p>Pair text with an image to focus on your chosen product, collection, or blog post. Add details on availability, style, or even provide a review.<\/p>","link_label":"","link":""}}},"block_order":["column1","column2","column3"],"settings":{"title":"","heading_size":"h1","image_width":"third","image_ratio":"adapt","columns_desktop":3,"column_alignment":"center","background_style":"none","button_label":"","button_link":"","color_scheme":"background-1","columns_mobile":"1","swipe_on_mobile":false,"padding_top":36,"padding_bottom":36}},"9c96e025-af49-44b9-bf93-81126a3759f0":{"type":"menu-dummy","blocks":{"c67f784d-0efc-4b79-a430-d5325803b478":{"type":"slide","settings":{"kome":"shopify:\/\/shop_images\/YP-09_20_1_360x_ad91da15-abe0-4262-95f1-adc18c1cbefe.webp","komurl":"","contant":"lorem ipsum","description":"Pair text with an image to focus on your chosen product, collection, or blog post. Add details on availability, style, or even provide a review."}},"c2504326-618c-44aa-ab7d-1727ee8c9060":{"type":"slide","settings":{"kome":"shopify:\/\/shop_images\/CK19-142_20_6_360x_b5f8bcf6-fd6c-4065-bca4-ea271e624550.webp","komurl":"","contant":"","description":""}},"53e56689-218d-4239-a28c-76e5ac6cae29":{"type":"slide","settings":{"kome":"shopify:\/\/shop_images\/HOTSS20204_1_360x_2ced9096-a370-447f-94ce-19ea125a2110.webp","komurl":"https:\/\/youtu.be\/bbnQupMEoow","contant":"","description":""}}},"block_order":["c67f784d-0efc-4b79-a430-d5325803b478","c2504326-618c-44aa-ab7d-1727ee8c9060","53e56689-218d-4239-a28c-76e5ac6cae29"],"settings":{"title":"Multimedia collage"}},"183b4921-c411-4acc-9164-a9f84ac51769":{"type":"dummy-list","blocks":{"e4713c66-d8b2-44ae-8a9b-b2812ba8d336":{"type":"slide","settings":{"komuk":"shopify:\/\/shop_images\/HOTSS20204_1_360x_e9a58730-9803-4dd9-996d-7be552582289.webp","komeurl":"","subcontant":"about the lorem","pcontant":"orem Ipsum is simply dummy text of the printing and typesetting industry. Lorem Ipsum has been the industry's standard dummy text ever since the 1500s, when an unknown printer took a galley of type"}},"8363bacb-66e3-4edc-bd04-ec57c180f05d":{"type":"slide","settings":{"komuk":"shopify:\/\/shop_images\/CK19-142_20_6_360x_b5f8bcf6-fd6c-4065-bca4-ea271e624550.webp","komeurl":"","subcontant":"lorem","pcontant":"orem Ipsum is simply dummy text of the printing and typesetting industry. Lorem Ipsum has been the industry's standard dummy text ever since the 1500s, when an unknown printer took a galley of type"}},"ef6b3cee-eb38-484c-8484-6789f8b27e50":{"type":"slide","settings":{"komuk":"shopify:\/\/shop_images\/YP-15_20_2_360x_2b1f4131-37e5-49df-8a10-8d3ec0d0bbbd.webp","komeurl":"","subcontant":"lorem","pcontant":"orem Ipsum is simply dummy text of the printing and typesetting industry. Lorem Ipsum has been the industry's standard dummy text ever since the 1500s, when an unknown printer took a galley of type"}},"f57a37ce-c5ea-4036-8d60-859d070a85ab":{"type":"slide","settings":{"komuk":"shopify:\/\/shop_images\/HOTSS20206_6_540x_2934284d-8358-4852-8b12-edd8f5ad28b7.webp","komeurl":"","subcontant":"lorem","pcontant":"orem Ipsum is simply dummy text of the printing and typesetting industry. Lorem Ipsum has been the industry's standard dummy text ever since the 1500s, when an unknown printer took a galley of type"}},"f34607f4-753c-4335-b1e6-7e299fa3e5e1":{"type":"slide","settings":{"komuk":"shopify:\/\/shop_images\/HOTSS20204_1_360x_14094abe-4ecc-49c5-aec9-c9b93981cdbd.webp","komeurl":"https:\/\/youtu.be\/gdPp1stwa2M","subcontant":"lorem","pcontant":"orem Ipsum is simply dummy text of the printing and typesetting industry. Lorem Ipsum has been the industry's standard dummy text ever since the 1500s, when an unknown printer took a galley of type"}}},"block_order":["e4713c66-d8b2-44ae-8a9b-b2812ba8d336","8363bacb-66e3-4edc-bd04-ec57c180f05d","ef6b3cee-eb38-484c-8484-6789f8b27e50","f57a37ce-c5ea-4036-8d60-859d070a85ab","f34607f4-753c-4335-b1e6-7e299fa3e5e1"],"settings":{"title":"dummy-list"}},"c1c62fc6-61c9-4696-bbbd-ba70e08aeec1":{"type":"acessories","blocks":{"a414b36d-10b5-4ab1-919e-34498cd575c6":{"type":"slide","settings":{"komuk":"shopify:\/\/shop_images\/HOTSS20206_6_540x_2934284d-8358-4852-8b12-edd8f5ad28b7.webp","komeurl":"https:\/\/youtu.be\/gdPp1stwa2M"}},"a26b7621-f552-4970-a34f-1607d6cc0b39":{"type":"slide","settings":{"komuk":"shopify:\/\/shop_images\/xs-2370990-kook-n-keech-disney-original-imafgwjn5fahqzg8_946160a4-2d24-4459-9cf9-cf5a1be9d245.webp","komeurl":""}},"5063cfc9-bd11-4245-ab5e-e517d7cc36b4":{"type":"slide","settings":{"komuk":"shopify:\/\/shop_images\/GE063_2_360x_13a2bd4d-34fb-4d9a-9a54-fefada1ec242.webp","komeurl":""}},"49b3a7e2-1cb5-4087-9ba4-c8846fb1d8f9":{"type":"slide","settings":{"komuk":"shopify:\/\/shop_images\/IMFU-MOLLY_20TOP_20_1_360x_85352a35-c0e0-4d76-8f87-e3db19f4b264.webp","komeurl":""}}},"block_order":["a414b36d-10b5-4ab1-919e-34498cd575c6","a26b7621-f552-4970-a34f-1607d6cc0b39","5063cfc9-bd11-4245-ab5e-e517d7cc36b4","49b3a7e2-1cb5-4087-9ba4-c8846fb1d8f9"],"settings":{"title":"Accessories"}},"32bd353e-01fc-4c40-b832-c9d11d783cd4":{"type":"occasion","blocks":{"template--16950850093358__32bd353e-01fc-4c40-b832-c9d11d783cd4-1669029714a7cfb3f8-0":{"type":"slide","settings":{"box":"shopify:\/\/shop_images\/YP-09_20_1_360x_ad91da15-abe0-4262-95f1-adc18c1cbefe.webp","boxurl":"","text-contant":"Lorem Ipsum","description":"orem Ipsum is simply dummy text of the printing and typesetting industry. Lorem Ipsum has been the industry's standard dummy text ever since the 1500s, when an unknown printer took a galley of type"}},"template--16950850093358__32bd353e-01fc-4c40-b832-c9d11d783cd4-1669029714a7cfb3f8-1":{"type":"slide","settings":{"box":"shopify:\/\/shop_images\/HOTSS20204_1_360x_14094abe-4ecc-49c5-aec9-c9b93981cdbd.webp","boxurl":"","text-contant":"Lorem","description":"orem Ipsum is simply dummy text of the printing and typesetting industry. Lorem Ipsum has been the industry's standard dummy text ever since the 1500s, when an unknown printer took a galley of type"}},"8ffc27ab-fbf3-4a99-8291-ab1d28bb95d1":{"type":"slide","settings":{"box":"shopify:\/\/shop_images\/CS-05_20_1_360x_f26095db-c4ca-4424-9404-5042b4c4ff5d.jpg","boxurl":"","text-contant":"Lorem","description":"orem Ipsum is simply dummy text of the printing and typesetting industry. Lorem Ipsum has been the industry's standard dummy text ever since the 1500s, when an unknown printer took a galley of type"}},"b83ceac0-4130-4286-8bc0-5fc68d17dfb2":{"type":"slide","settings":{"box":"shopify:\/\/shop_images\/HOTSS20206_6_540x_2934284d-8358-4852-8b12-edd8f5ad28b7.webp","boxurl":"","text-contant":"Lorem","description":"orem Ipsum is simply dummy text of the printing and typesetting industry. Lorem Ipsum has been the industry's standard dummy text ever since the 1500s, when an unknown printer took a galley of type"}},"acdc0361-20aa-46da-8418-5781b33289ab":{"type":"slide","settings":{"boxurl":"","text-contant":"","description":""}}},"block_order":["template--16950850093358__32bd353e-01fc-4c40-b832-c9d11d783cd4-1669029714a7cfb3f8-0","template--16950850093358__32bd353e-01fc-4c40-b832-c9d11d783cd4-1669029714a7cfb3f8-1","8ffc27ab-fbf3-4a99-8291-ab1d28bb95d1","b83ceac0-4130-4286-8bc0-5fc68d17dfb2","acdc0361-20aa-46da-8418-5781b33289ab"],"settings":{"title":"occasion"}},"fc49c707-992f-4733-bd0b-1be656a066d1":{"type":"OCCASIONS","blocks":{"template--16950850093358__fc49c707-992f-4733-bd0b-1be656a066d1-1669033653b2547a39-0":{"type":"slide","settings":{"imgg":"shopify:\/\/shop_images\/NewInClothing_1950x_8fd06a5d-6fc9-417f-ac76-2fa247febd9b.webp","imggurl":""}},"template--16950850093358__fc49c707-992f-4733-bd0b-1be656a066d1-1669033653b2547a39-1":{"type":"slide","settings":{"imgg":"shopify:\/\/shop_images\/NEXT-SHRUG-L_20_1_360x_2940d588-3e2b-431d-9f76-f101ef53caaa.webp","imggurl":""}}},"block_order":["template--16950850093358__fc49c707-992f-4733-bd0b-1be656a066d1-1669033653b2547a39-0","template--16950850093358__fc49c707-992f-4733-bd0b-1be656a066d1-1669033653b2547a39-1"],"settings":{"title":"OCCASIONS"}},"b4560b22-fa9d-4d18-983b-25c3b888fe81":{"type":"collection_page","blocks":{"850aa43e-9e9c-4593-9b04-d90fbec5cd3a":{"type":"block","settings":{"collection":""}}},"block_order":["850aa43e-9e9c-4593-9b04-d90fbec5cd3a"],"settings":{"SAMPLEfe":""}},"64f355b9-f54d-4e60-8fac-edd21aa39f08":{"type":"collection_page","disabled":true,"blocks":{"0191c551-a8d1-4d61-80b4-ce29830494a8":{"type":"block","settings":{"collection":"active-wear"}},"091d4d9a-7470-412b-b492-dd5970c69e88":{"type":"block","settings":{"collection":"all-lingerie"}}},"block_order":["0191c551-a8d1-4d61-80b4-ce29830494a8","091d4d9a-7470-412b-b492-dd5970c69e88"],"settings":{"SAMPLEfe":""}},"e7ef1157-34c5-489a-9224-869eebaf87ec":{"type":"collection-data","disabled":true,"blocks":{"template--16950850093358__e7ef1157-34c5-489a-9224-869eebaf87ec-166911819070f049f4-0":{"type":"slide","settings":{"product":"shopify:\/\/shop_images\/YP-09_20_1_360x_ad91da15-abe0-4262-95f1-adc18c1cbefe.webp"}},"template--16950850093358__e7ef1157-34c5-489a-9224-869eebaf87ec-166911819070f049f4-1":{"type":"slide","settings":{}}},"block_order":["template--16950850093358__e7ef1157-34c5-489a-9224-869eebaf87ec-166911819070f049f4-0","template--16950850093358__e7ef1157-34c5-489a-9224-869eebaf87ec-166911819070f049f4-1"],"settings":{"title":"collection-data"}},"92ac85cc-3d8e-4f7d-a445-20b9186d7626":{"type":"collection_datas","disabled":true,"blocks":{"7f96b80f-ce2f-4a16-a4db-b855f9d26a3b":{"type":"block","settings":{"collection":"bags"}}},"block_order":["7f96b80f-ce2f-4a16-a4db-b855f9d26a3b"],"settings":{"title":"collection_data-images"}},"5b1d600b-f145-4589-aae4-1442e781fe82":{"type":"collection_img","blocks":{"template--16950850093358__5b1d600b-f145-4589-aae4-1442e781fe82-166918963959461672-0":{"type":"slide","settings":{"collection":"maang-tikka"}},"template--16950850093358__5b1d600b-f145-4589-aae4-1442e781fe82-166918963959461672-1":{"type":"slide","disabled":true,"settings":{"collection":""}}},"block_order":["template--16950850093358__5b1d600b-f145-4589-aae4-1442e781fe82-166918963959461672-0","template--16950850093358__5b1d600b-f145-4589-aae4-1442e781fe82-166918963959461672-1"],"settings":{"title":"collection_img"}},"5e73eb0c-1cec-4918-8f81-c2673e798f2c":{"type":"coll_img","blocks":{"template--16950850093358__5e73eb0c-1cec-4918-8f81-c2673e798f2c-1669192117b46a50ca-0":{"type":"slide","settings":{"collection":"all-lingerie"}},"template--16950850093358__5e73eb0c-1cec-4918-8f81-c2673e798f2c-1669192117b46a50ca-1":{"type":"slide","disabled":true,"settings":{"collection":""}}},"block_order":["template--16950850093358__5e73eb0c-1cec-4918-8f81-c2673e798f2c-1669192117b46a50ca-0","template--16950850093358__5e73eb0c-1cec-4918-8f81-c2673e798f2c-1669192117b46a50ca-1"],"settings":{"title":"coll_img","bg-image":"shopify:\/\/shop_images\/Clothing_Banner_1950x_1.webp"}}},"order":["image_banner","rich_text","featured_collection","collage","video","multicolumn","9c96e025-af49-44b9-bf93-81126a3759f0","183b4921-c411-4acc-9164-a9f84ac51769","c1c62fc6-61c9-4696-bbbd-ba70e08aeec1","32bd353e-01fc-4c40-b832-c9d11d783cd4","fc49c707-992f-4733-bd0b-1be656a066d1","b4560b22-fa9d-4d18-983b-25c3b888fe81","64f355b9-f54d-4e60-8fac-edd21aa39f08","e7ef1157-34c5-489a-9224-869eebaf87ec","92ac85cc-3d8e-4f7d-a445-20b9186d7626","5b1d600b-f145-4589-aae4-1442e781fe82","5e73eb0c-1cec-4918-8f81-c2673e798f2c"]}